letter,value
A,0.18167
B,0.17492
C,0.12780
F,0.22288
G,0.22022
H,0.26094
I,0.26973
J,0.20153
M,0.22517
N,0.26749
O,0.37507
P,0.31929
Q,0.30098
R,0.35987
T,0.39056
U,0.42758
W,0.42465
X,0.50150
Y,0.61971
